rno-miR-200b-3p,Zeb1
,Gpm6a
,Dpy19l1
,Slit2
,Ptpn21
,Errfi1
,Lhfpl6
,Pkd1
,Eloc
,Cfl2
,Tmem41b
,Bag5
,Nsun6
,Mgat2
,Mmd
,Slc35a2
,Sesn1
,Dennd5a
,Tfap2a
,Igsf10
,Osbpl11
,Pik3ca
,Tubb5
,Mospd2
,Rtca
,Cbr4
,Ndst1
,Ndfip2
,Khdrbs1
,RGD1560108
,Jun
,Slitrk1
,Ppp1r9b
,Rtf1
,Arih1
,Mprip
,Fhl1
,Desi2
,Scd
,RGD1309748
,Ap1s2
,Rgl1
,Zfand6
,Rps6kb1
,Gtf3c4
,Spryd7
,Pik3cb
,Bap1
,Elmod2
,Rbsn
,Fbxo33
,Grin2a
,Phtf2
,Sptssa
,Cdk17
,Zfp532
,Gabpa
,Rap2c
,Slc38a2
,Spag9
,Rnf168
,Ugt8
,Tob1
,Acsbg1
,Gpr158
,Mmd2
,Gpr75
,Elavl2
,Mmgt1
,Fn1
,Pdik1l
,Twistnb
,Git2
,Xkr8
,Pkia
,Cops8
,Eif2b5
,Ckap4
,Mmgt2
,Kdr
,Sfr1
,Chrdl1
,Cep41
,Uba6
,Fat3
,Slc6a1
,Gata4
,Trmt9b
,St6galnac5
,Sulf1
,Marcks
,Tbk1
,Osgepl1
,Dusp1
,Nbr1
,Rapgef2
,Lpar1
,Evi5
,Dnajb5
,Hook1
,Nup160
,Ric3
,Robo2
,Wasf1
,Rab21
,Sema3f
,Tram1l1
,Zcchc24
,Ankrd40
,Oat
,Ptpn13
,RGD1560958
,Gabarapl2
,Lrp1
,Ppm1b
,Psip1
,Sema6d
,Nck2
,Reln
,Zfp292
,Csnk1g3
,Slc19a2
,Utp11
,Dnajb9
,Matr3
,Srsf1
,Serpini1
,Lcp2
,Plppr4
,Phex
,Tent4b
,Lats2
,Nfya
,Atl2
,Scel
,LOC100125362
,Nup107
,Golga7
,Ttc14
,Cnot7
,Tln1
,Prdm1
,Hipk1
,Clasp2
,Nrg1
,Col4a3bp
,Pcmtd1
,Mboat2
,Syvn1
,Elmod1
,Epm2aip1
,Slc30a4
,Ulk2
,Ppp1r18
,Ankrd44
,Supt20h
,Tsc22d2
,Tubb3
,RGD1307947
,Mdm4
,Zfpm2
,Hectd2
,Hmgb3
,Pitpnm1
,Mad2l1bp
,Cacna1c
,Sec24a
,Inpp4a
,Rock2
,Nrbp1
,Fam210a
,Slc6a15
,Ptpn12
,Ier5
,Gosr2
,Nudt4
,Serinc1
,Casp2
,Map4k3
,Chsy1
,Slc23a1
,Gem
,Npc2
,Nptx1
,Smim13
,Mex3c
,Xkr6
,Gtf2e1
,Rbm26
,Nap1l3
rno-miR-221-3p,Cdkn1b
,Hectd2
,Rfx7
,Megf9
,Gab1
,Wdr47
,Tyw5
,Rbm24
,Mier3
,Smarca5
,Fermt2
,Atpaf1
,Dcun1d4
,Hipk1
,Mylip
,Mapk6
,St6galnac3
,Clec7a
,Mrap
,Ing2
,Bicdl1
,Hey2
,Chsy1
,Sema6d
,Paip1
,Fmr1
,Prkaa1
,Arf4
,Btg2
,Ddit4
,Rnps1
,Cdk19
,Eif3j
,Fam214a
,Galnt18
,Zfp385a
,Pttg1ip
,Rsbn1l
,Kif16b
,Ppp3r1
,Rab1a
,RSA-14-44
,Gnb3
,Dmrt3
,Fos
,Zfp36l2
,Tle3
,Ccr5
,Ubxn2b
,Ndrg1
,Sbk1
rno-miR-200a-3p,Trhde
,Ranbp6
,Ccne2
,Myt1l
,Klf12
,Elavl2
,Ppm1l
,Thrb
,Astn1
,Shroom2
,Pcdh9
,Myh10
,Crebrf
,Brd3
,Ankrd44
,Nkd1
,Dr1
,Sacm1l
,Cdc14a
,Tnrc6b
,Mpped2
,Zeb1
,Cdk8
,Tmem135
,Tmem237
,Tcerg1
,Edem1
,Taf12
,Dcp2
,Map7d1
,Zfr
,Rheb
,Dstyk
,Peg3
,Tiam1
,Ctsm
,Myadm
,Pds5b
,Lypla1
,Mgarp
,Stag1
,Aldh1a1
,Fbxo5
,Pdk1
,S100a3
,Pik3cb
,Nr3c1
,Ifnar1
,Mpp6
,Foxa2
,Klf6
,Hnrnpf
,Magee2
,Mindy3
,Hmg20a
,Ube3a
,Mybl1
,Leng8
,H2afz
,Shmt2
,Dusp3
,Ctag2
,Cdc25a
,Ipmk
,Ikzf5
,Siglec5
,Ythdf2
,Cnr1
,Ldlrad4
,Cdk13
,Itga6
,Pcdhb6
,Gls
,Tgfb2
,Tmed5
,Nudcd1
,Slc19a2
,Tmem168
,Ppfia1
,Ulk2
,Car5b
,Aqp6
,Calcr
,Pkn2
,Gpc2
,Gon7
,Tra2b
,Rtn4rl1
,Stxbp1
,Rsad2
,Ywhag
,Mnx1
,Gp1ba
,Rnf145
,Cdc7
,Pdgfra
,Ctnnd2
,Map3k7
,Ppp1r15b
,Atxn1
,Adpgk
,Epha2
,Msantd4
,Cyp2j3
,Zfp644
,Dcun1d1
,Abhd18
,Clasp2
,Slc6a9
,Urgcp
,Atp6v1a
,Grb2
,Foxj3
,Rnmt
,Cyp26b1
,Radx
,Rarb
,Arpc5
,Yaf2
,Rev3l
,Aco1
,Slain2
,Lhfpl6
,Hipk1
,Rims1
,RGD1306941
,Larp6
,Zc3h6
,Ppt2
,Vangl2
,Adgrb3
,LOC100125364
,Dusp7
,Acot7
,Mthfs
,Ebpl
,Gata6
,Pitx2
,Unc5c
,Nrcam
,Unc119b
,Dolpp1
,Tmem110
,Ctnnal1
rno-let-7c-5p,Vstm5
,Adrb3
,Cdc34
,Adamts15
,Gatm
,Zfp512b
,Ddx19b
,Fbxl12
,Ptafr
,Slc2a12
,Pbx1
,Igf2bp2
,LOC497899
,Lin28a
,Acvr1c
,Zfyve26
,Pla2g3
,Masp1
,Edn1
,Adrb2
,Ehhadh
,Faslg
,Pbx3
,Tspan5
,Tyk2
,Has2
,Tmprss2
,Zfp583
,Arhgap12
,Pald1
,Coil
,Rab11fip4
,Nme4
,Ccdc134
,Adamts12
,Nme6
,Hic2
,Pxdn
,Col4a1
,Gng5
,Snn
,Ddx19a
,Rpusd3
,Fign
,Prpf38b
,Mapk6
,Gxylt1
,Lrig2
,Tmem65
,Acer1
,Ercc6
,Wnt9a
,Ahctf1
,Pgrmc1
,RGD1304694
,Rasgrp1
,Zfp275
,RGD1308117
,Xkr8
,Ndst2
,Ddi2
,Fam135a
,Rdx
,Dtx2
,Lipt2
,B3gnt7
,Cldn12
,Limd2
,Nphp3
,Ago3
,Slc20a1
,Ppargc1b
,Tgfbr1
,B3galt4
,Fzd4
,Dcaf15
,Apbb3
,Plekho1
,Plekha8
,Map4k3
,Aen
,Itgal
,Stk40
,Brd3
,Il6
,Efhd2
,B3galt1
,Smim3
,Slc35d2
,Thoc2
,Mycn
,Hectd2
,Fras1
,Smarcad1
,Kctd17
,Begain
,Cercam
,Saxo2
,Cbx2
,Soat2
,Slc6a1
,Zmat4
,Grid2ip
,Kif2b
,Gpr132
,Sec16b
,Ints2
,Prtg
,Taf9b
,Med8
,Elp1
,Wnt9b
,Rcn1
,P4ha2
,Olr1
,Abcb9
,Ngf
,Mycbp
,Scyl3
,Gas7
,Nipal4
,Tbkbp1
,Snx16
,Zfp282
,Cnot6l
,Amt
,Kdm3a
,Armt1
,RGD1305464
,Mier1
,Mdfi
,Mapk8
,Tcte1
,Tmem198b
,Rfx6
,Prl3b1
,Clasp2
,Hip1
,Virma
,Scd
,Pbx2
,Slc12a9
,Fnip1
,Liph
,Wdr37
,Ammecr1l
,Klhl6
,Mtmr7
,Tnfrsf1b
,Plpp6
,Zdhhc23
,Irs2
rno-miR-429,Zeb1
,Gpm6a
,Dpy19l1
,Slit2
,Ptpn21
,Errfi1
,Lhfpl6
,Pkd1
,Eloc
,Cfl2
,Tmem41b
,Bag5
,Nsun6
,Mgat2
,Mmd
,Slc35a2
,Sesn1
,Dennd5a
,Tfap2a
,Igsf10
,Osbpl11
,Pik3ca
,Tubb5
,Mospd2
,Rtca
,Cbr4
,Ndst1
,Ndfip2
,Khdrbs1
,RGD1560108
,Jun
,Slitrk1
,Ppp1r9b
,Rtf1
,Arih1
,Mprip
,Fhl1
,Desi2
,Scd
,RGD1309748
,Ap1s2
,Rgl1
,Zfand6
,Rps6kb1
,Gtf3c4
,Spryd7
,Pik3cb
,Bap1
,Elmod2
,Rbsn
,Fbxo33
,Grin2a
,Phtf2
,Sptssa
,Cdk17
,Zfp532
,Gabpa
,Rap2c
,Slc38a2
,Spag9
,Rnf168
,Ugt8
,Tob1
,Acsbg1
,Gpr158
,Mmd2
,Gpr75
,Elavl2
,Mmgt1
,Fn1
,Pdik1l
,Twistnb
,Git2
,Xkr8
,Pkia
,Cops8
,Eif2b5
,Ckap4
,Mmgt2
,Kdr
,Sfr1
,Chrdl1
,Cep41
,Uba6
,Fat3
,Slc6a1
,Gata4
,Trmt9b
,St6galnac5
,Sulf1
,Marcks
,Tbk1
,Osgepl1
,Dusp1
,Nbr1
,Rapgef2
,Lpar1
,Evi5
,Dnajb5
,Hook1
,Nup160
,Ric3
,Robo2
,Wasf1
,Rab21
,Sema3f
,Tram1l1
,Zcchc24
,Ankrd40
,Oat
,Ptpn13
,RGD1560958
,Gabarapl2
,Lrp1
,Ppm1b
,Psip1
,Sema6d
,Nck2
,Reln
,Zfp292
,Csnk1g3
,Slc19a2
,Utp11
,Dnajb9
,Matr3
,Srsf1
,Serpini1
,Lcp2
,Plppr4
,Phex
,Tent4b
,Lats2
,Nfya
,Atl2
,Scel
,LOC100125362
,Nup107
,Golga7
,Ttc14
,Cnot7
,Tln1
,Prdm1
,Hipk1
,Clasp2
,Nrg1
,Col4a3bp
,Pcmtd1
,Mboat2
,Syvn1
,Elmod1
,Epm2aip1
,Slc30a4
,Ulk2
,Ppp1r18
,Ankrd44
,Supt20h
,Tsc22d2
,Tubb3
,RGD1307947
,Mdm4
,Zfpm2
,Hectd2
,Hmgb3
,Pitpnm1
,Mad2l1bp
,Cacna1c
,Sec24a
,Inpp4a
,Rock2
,Nrbp1
,Fam210a
,Slc6a15
,Ptpn12
,Ier5
,Gosr2
,Nudt4
,Serinc1
,Casp2
,Map4k3
,Chsy1
,Slc23a1
,Gem
,Npc2
,Nptx1
,Smim13
,Mex3c
,Xkr6
,Gtf2e1
,Rbm26
,Nap1l3
rno-miR-365-3p,Nr1d2
,Synj1
,Usp48
,Crebrf
,Oxr1
,Usp33
,Sgk1
,Rasd1
,Zfp644
,Reep3
,Arrb2
,Best3
,Afap1l1
,Ets1
,Ankrd17
,Bclaf3
,Socs5
,Sorcs3
,Prpf40a
,Ccdc22
,Fam91a1
,Dlx3
,Kcnj3
,Creb5
,Ublcp1
,Mylip
,Jam3
,Fads1
,Smim13
,Tyms
,Add3
,Mylk
,Cbfb
,Ywhah
,Mrpl47
,Anks1a
,Epc1
,Hhip
,Trhde
,Tmpo
,Ubp1
,Ugcg
,Adm
,Ing3
,Grb7
,Skp2
,Ubac2
,Kirrel3
,Wdr37
,Pax6
,Chodl
,Crbn
,Rgs1
,Nr3c2
,Hapln2
,Ret
rno-miR-27a-3p,Kbtbd8
,Adora2b
,Gab1
,Plk2
,Cdip1
,Dram2
,Slc6a1
,Pds5b
,Retreg3
,Arfgef1
,Nemp2
,Slc25a25
,Apaf1
,Spta1
,Cth
,Crebrf
,Rpgrip1l
,Mmd
,Slc7a11
,Ypel2
,Tnpo1
,Gcc2
,Rnf139
,Btg2
,Trappc8
,Paqr9
,Trim23
,Dcun1d4
,Hyal4
,Ugt2b7
,Dot1l
,Utp23
,Nabp1
,Nr2f6
,B3gnt7
,Usp46
,Nipal4
,Gria4
,St6galnac3
,Wrb
,Aldh5a1
,Pkia
,Gata2
,Runx1
,Aff4
,Epb41l4a
,Nrarp
,Abhd17c
,E2f7
,Pdia5
,Fam193b
,Mknk2
,Pparg
,Zhx1
,Kctd8
,Ccnk
,Pik3ca
,Zmat3
,Ankrd17
,Tnrc18
,Kcnk2
,Slc35f1
,Appbp2
,Eef1akmt2
,Add1
,Arhgap1
,Lpar6
,Tmem170a
,Adam19
,Alkal2
,Zfp143
,Kcna4
,Cds1
,En2
,Szrd1
,Pla2g6
,Acta2
,Fam91a1
,Naa11
,Pnkd
,St14
,Mier3
,Vav2
,Edrf1
,Thrb
,Peli2
,Gca
,Sema6d
,Ccm2
,Trmt10c
,Slc34a2
,L2hgdh
,Ankrd42
,Fosb
,Ppp1cc
,Adcyap1r1
,Herc3
,Map1b
,Foxo1
,Plxnd1
,Pard6b
,Ugcg
,Pax9
,Ccnj
,Aqp11
,Stk38
,Fas
,Myt1
,C2cd2
,Wdr37
,Nufip1
,Gosr2
,Rbpms2
,Tor1b
,Nav2
,Tlk2
,Slitrk1
,Nr1d2
,Limk1
,Rgs1
,Prkaa2
,Cipc
,Acss3
,Ckap4
,Satb2
,Kmt5b
,Rreb1
,B4galt3
,Cdh11
,Usp42
,Hcn4
,Gpc5
,Wsb1
,Pde8b
,RGD1307100
,Fzd4
,Akirin1
,Plcl2
,Capn15
,RGD1560065
,Arhgef37
,Kcnk5
,Optn
,Matn3
,Poglut1
,Ubp1
,Rbfox1
,Ing5
,Dclk1
,Adamts10
,Csf1
,Prr9
,Dnajc27
,Sorl1
,Tfap2b
,Frs3
,Ak2
,Clk2
,Eya4
,Map3k14
,Ncald
,Fam133b
,Pom121
,Flrt3
,Npepps
,Unc13c
,Mal2
,Rgs8
,Abhd17b
,Dkk2
,Myef2
,Ppif
,Brsk1
,Klf3
,Sfrp1
,Ube2v1
,Pank1
,Zfp189
,Hlx
,Abcb9
,Plcxd2
,Rnf14
,Stk39
,Mamdc4
,Zbtb39
,Vsig10
,Stag1
,Spry2
,Ube2n
,Nap1l5
,Grin2d
,Usp25
,Tnfrsf26
,Vdac3
,Foxp4
,Usp34
,Gatc
,Xpnpep2
,Setd5
,Psma1
,Fbxo9
,Nova1
,Chka
,Mdfi
,Ywhaq
,Serpini1
,Lpcat2
,Sell
,Cblb
,Tril
,Uba6
,Kdm3a
,Ror1
,Vps13a
,Tmem243
,Acly
,Sim1
,Insr
,Tspyl4
,Dcdc2
,Nod2
,Gspt1
,Cnot1
,Cnrip1
,Pdgfra
,Tmem177
,Prkcb
,Gltp
,Bex3
,Ppp1r1c
,Ppp4r2
,Apobec3
,Hbegf
,Gsta3
,Nek6
,Slc36a4
,Evi5
,Neurl4
,Grb2
,Hadha
,Stradb
,Nap1l2
,Cpne8
,Fndc8
rno-miR-205,Satb2
,Chn1
,Unc5c
,Mgrn1
,Cep55
,Lrp1
,Cldn11
,Ccnj
,Gxylt1
,Tsc22d1
,RGD1561958
,Fut9
,Esrrg
,Bicc1
,Ptprm
,Casc4
,Rbm47
,Lamc1
,Trak2
,Cltc
,Ppp1r15b
,Calu
,Pde3b
,Etnk1
,Runx2
,Zeb1
,Pcsk9
,Adamts9
,Tm9sf2
,Aifm2
,Aak1
,Ezr
,Mtfr1l
,Ppp1r3a
,Hykk
,Mmd
,Ntng1
,Srd5a1
,Plcb1
,Slc19a2
,Abca8a
,Psd4
,Rtn3
,Herc3
,Med1
,Ccdc93
,Ralgapb
,Slit3
,Mageb18
,Axin2
,Dusp7
,Enpp4
,Zc3h7a
,Selenot
,Lhfpl2
,Abcd1
,Smad4
,Reln
,Frk
,Rnd3
,Csf1
,Sept4
,Slc35a1
,Klhl29
,Abhd17b
,Ptprj
,Cpsf6
,Rad17
,Naf1
,RGD1566386
,Irgq
,Dgcr8
,Crebrf
,Ssbp3
,Tox4
,Gpm6a
,Xpo4
,Bet1l
,Tex37
,Afdn
,Zfyve16
,Tsr2
,Ddx52
,Acsl1
,Ebf2
,Ccm2
,Ddx5
rno-miR-23a-3p,Sesn3
,Adgrg2
,Cdh17
,Sft2d1
,Vcan
,Mab21l2
,Nek6
,Dnajc6
,Pde7a
,Csnk1g3
,Ppp4r4
,Etnk1
,Entpd5
,Gxylt1
,Spsb4
,Tnfaip6
,Bora
,Map4k4
,Igsf8
,Rras2
,Cdk17
,Ccnt2
,Tmpo
,Sema6d
,Lpar1
,Pcdh19
,Cxcl12
,Tmem38b
,Abhd18
,Cav2
,Rap1a
,Blcap
,Ccdc47
,Elf2
,Ubxn8
,Elf5
,Robo2
,Cldn12
,Zfhx4
,Auh
,Hnf4g
,Zwint
,Btnl7
,Pla2r1
,Chuk
,Clec1a
,Stat5b
,Klf3
,Agap1
,Tgfbr3
,Wbp4
,Car2
,Tent5a
,Fosb
,Pkia
,Chek1
,Rad17
,Uqcrfs1
,Lamp1
,Sowahc
,Tfpi2
,Zc3h13
,Pdia6
,Has2
,Thap12
,Uba6
,Azin1
,Tmem168
,Prpf4b
,Esrp1
,Ebf3
,Aldh1a2
,Il6r
,Tnpo1
,Ppm1d
,Ppif
,Mdfic
,Mrc1
,Asah2
,Magohb
,Serinc5
,Tmed5
,Myh2
,Ctsql2
,Dusp5
,Ccl28
,Nol4
,Zfp655
,Smurf2
,Sms
,Nacc2
,Slc7a1
,Zfp292
,Angel2
,Tox
,Fam234b
,Dcun1d4
,Ssr1
,Fmr1
,Zfp652
,Rrh
,Ccm2
,Tox3
,Ankhd1
,Exoc3l4
,Cpsf4
,Apopt1
,Ppp2r5e
,Agmo
,Camta1
,Ppp1r3b
,Six4
,Ube2d1
,Akap12
,Slc18a2
,Ipmk
,Swt1
,Pnrc1
,Mdfi
,Nus1
,Rbpms2
,Marcksl1
,Ascc3
,Ptp4a2
,N4bp1
,Cab39
,Sntg2
,Cdc40
,Pik3c2a
,Etaa1
,Smim15
,Ndfip2
,Wdr37
,Nfe2l2
,Plau
,Capn6
,Stk35
,Abhd6
,MGC114246
,Cggbp1
,Hoxd10
,Gja1
,Ep400
,Gpsm1
,Tgif1
,Senp7
,Hltf
,Ripk2
,Meis2
,Rasef
,Senp6
,Sbno1
,Cep95
,Chst10
,Nuak2
,Inpp1
,Sec14l1
,Usp45
,Ppp1r13b
,Pax9
,Gpr22
,Usp5
,Adgrl2
,Snrpc
,Gnpnat1
,Akap11
,Melk
,Dock7
,Pkdcc
,Cript
,Terb2
,Ambra1
,Ralb
,Lhfpl2
,Nsun6
,Ccp110
,Hmgb2
,Isca2
,E2f6
,B4galt4
,Txnrd1
,Lypla1
,Ppp4r2
,Dip2c
,Socs6
,Dhx15
,Sumf1
,Prtg
,Eif3a
,Ttc7b
,Tril
,Uhrf1bp1l
,Zeb1
,Actr3
,Ncoa6
,B3galt2
,Atp1b3
,Rnf146
,Bnip3l
,Casp7
,Pdxp
,Vwa3a
,Zfp458
,Gpx5
,Pex11a
,Insyn2
,Vstm5
,Myct1
,Wnk1
,Cul3
,Stk4
,MGC95208
,Radx
,Trim63
rno-miR-24-3p,Stx5
,Matr3
,Insig1
,Diaph1
,RGD1308117
,Cdx2
,Tspan14
,Nup210
,Tada2b
,Entpd6
,Uqcc1
,Mboat7
,G6pd
,Cabp7
,Rnf165
,Hnf1b
,Exog
,Abhd13
,Kat7
,Sstr1
,Ptprf
,Gtpbp3
,Raet1l
,Med4
,Appl2
,Nupl2
,Cxcr3
,LOC301165
,Gad1
,Rnf2
,Cmtm7
,Sdf2
,Nsd2
,Ndst1
,Bcl2l11
,Nfxl1
,Nefm
,Mbd6
,Amotl2
,Cdk16
,Chd5
,Rnf138
,Atp13a2
,Rer1
,Apba1
,Zkscan7
,Apob
,Ranbp10
,Aarsd1
,Tceanc2
,Trmt6
,Dyrk2
,Mau2
,Mboat7l1
,Ugcg
,Hgh1
,Sptlc2
,Reep1
,Oxtr
,B3gnt5
,Abcb9
,Limk2
,Spast
,Tex29
,Apol9a
,Dnase2b
,Tmem115
,Polr3d
,Nav2
,Gal3st3
,Samd4b
,Lsm10
,Cers3
,Rsbn1l
,Zswim7
,Nol8
,Tmem30c
,Pdgfra
,Cox15
,Vstm4
,Rbm41
,Dagla
,Fut4
,Pkdcc
,Hip1r
,Ttyh3
,Crat
,Poldip3
,Poll
,Rap1a
,H2afx
,Snap91
,Gfer
,Bhlhe22
,Eci2
,Slc7a6
,Stat2
,Faslg
,Usp49
,Cyb561d1
,Pomk
,Zfp287
,Kcnk2
rno-miR-148a-3p,Sos2
,LOC680039
,Tnrc6a
,Nptn
,Tmem54
,Cdk19
,Phf3
,Arl6ip1
,Epn2
,Ube3b
,Slc24a2
,C1galt1
,Nptx1
,Bicc1
,Wdr20
,Zfyve26
,Gadd45a
,Meox2
,Bcl2l11
,Ucp3
,Snn
,Rnf38
,Npepl1
,Col4a1
,Adamts15
,Rem2
,B4galt5
,Cnih4
,Cds1
,Yipf1
,MGC94207
,Usp33
,Ncoa1
,Cabp7
,Jph3
,Map3k9
,Sik1
,Ino80
,Tgfa
,Elavl4
,Kat7
,Arfip1
,Mdfic
,Ywhab
,Ralbp1
,Sms
,Mettl15
,Canx
,Errfi1
,Plaa
,Mmp15
,Neurl4
,Xpo4
,Ube2d3
,Cand1
,Ppp1r10
,Pgm2l1
,Prkcz
,Fmr1
,Dgcr8
,Chuk
,Helz2
,Rph3al
,Ahrr
,Dcp2
,Cdkn1b
,Cckbr
,Prickle2
,Esrrg
,Col2a1
,Rfc1
,Snx27
,Lgalsl
,Atp7a
,Ppp6r1
,Stard13
,Zfp819
,Arhgap21
,Aftph
,Tbl1xr1
,Ing2
,Ppp1r9b
,Usp32
,Synj1
,Inhbb
,Rgma
,Slco4a1
,Csf1
,Nsd2
,Gtf2h1
,Hmg20a
,Fcho2
,Sgcb
,St8sia3
,Mmd
,Trak1
,Mtmr10
,Pou3f2
,Ltbp1
,Gap43
,Smurf2
,Bmp3
,Cxcl13
,Rab34
,Slc36a4
,Nrarp
,Rbm24
,Ccdc71
,S1pr1
,Mllt10
,Tnpo1
,Kdelr2
,RGD1562136
,March2
,Bach2
,Gpr180
,Stam
,Tbp
,Slc24a3
,Coro6
,Itga5
,Rpe65
,Homer1
,Brpf1
,Ube2d1
,Gpm6a
,Snap47
,Arhgef37
,Itga11
,Tmem266
,Nol4
,Cox18
rno-let-7b-5p,Vstm5
,Adrb3
,Adamts15
,Gatm
,Zfp512b
,Cdc34
,Lin28a
,Ddx19b
,Fbxl12
,Ptafr
,Slc2a12
,Pbx1
,Igf2bp2
,LOC497899
,Acvr1c
,Zfyve26
,Pla2g3
,Masp1
,Edn1
,Adrb2
,Ehhadh
,Faslg
,Pbx3
,Tspan5
,Tyk2
,Has2
,Tmprss2
,Zfp583
,Arhgap12
,Pald1
,Coil
,Rab11fip4
,Nme4
,Ccdc134
,Adamts12
,Nme6
,Zfp275
,Hic2
,Pxdn
,Col4a1
,Gng5
,Snn
,Ddx19a
,Rpusd3
,Fign
,Prpf38b
,Mapk6
,Gxylt1
,Lrig2
,Tmem65
,Acer1
,Ercc6
,Wnt9a
,Ahctf1
,Pgrmc1
,RGD1304694
,Rasgrp1
,RGD1308117
,Xkr8
,Ndst2
,Ddi2
,Fam135a
,Rdx
,Dtx2
,Lipt2
,B3gnt7
,Cldn12
,Limd2
,Nphp3
,Ago3
,Slc20a1
,Ppargc1b
,Tgfbr1
,B3galt4
,Fzd4
,Dcaf15
,Apbb3
,Plekho1
,Plekha8
,Map4k3
,Aen
,Itgal
,Stk40
,Brd3
,Il6
,Efhd2
,B3galt1
,Smim3
,Slc35d2
,Thoc2
,Mycn
,Hectd2
,Fras1
,Smarcad1
,Kctd17
,Begain
,Cercam
,Zfp282
,Saxo2
,Cbx2
,Soat2
,Slc6a1
,Zmat4
,Grid2ip
,Kif2b
,Gpr132
,Sec16b
,Ints2
,Prtg
,Taf9b
,Med8
,Elp1
,Wnt9b
,Rcn1
,P4ha2
,Olr1
,Abcb9
,Plpp6
,Ngf
,Mycbp
,Scyl3
,Gas7
,Nipal4
,Tbkbp1
,Snx16
,Cnot6l
,Amt
,Kdm3a
,Armt1
,RGD1305464
,Mier1
,Mdfi
,Mapk8
,Tcte1
,Rfx6
,Prl3b1
,Clasp2
,Hip1
,Virma
,Scd
,Pbx2
,Slc12a9
,Fnip1
,Liph
,Wdr37
,Ammecr1l
,Klhl6
,Mtmr7
,Tnfrsf1b
,Zdhhc23
,Irs2
rno-miR-871-3p,Cul5
,Ube2g1
,Ntng1
,Tenm3
,Ppp1r1b
,Rtf1
,B4galt6
,Npc1
,Abhd2
,Tp53inp2
,Letm2
,Tmem260
,Celf3
,Atg16l1
,Stip1
,Cacnb4
,Abcb9
,Grid2
,Csn2
,Calb1
,Zc3h12a
,Idh2
,Csgalnact2
rno-miR-451-5p,Osr1
,Cep55
,Ybx1
,Mex3c
rno-miR-10a-5p,Clcc1
,Zfp110
,Rb1cc1
,E2f7
,Ebf2
,Patl1
,Lrrc55
,Trim2
,Bdnf
,Lpar2
,Nr4a3
,Zfp64
,Dock11
,Bcl2l11
,Atp23
,Tnrc6b
,Ankrd34a
,Rgs8
,C4a
,C4b
,Gsdme
,Tfcp2l1
,Sdc1
,Zc3hav1
,Klf11
,Cdc42bpa
,Map3k7
,Trarg1
,Spag9
,Wwc2
,Has3
rno-miR-320-3p,Spopl
,Pbx3
,Armc1
,Gpbp1
,Gxylt1
,Cemip2
,Klhl23
,Arl8b
,Prr9
,Ywhah
,Cdk13
,Ctsl
,Pcdha4
,Zfp652
,Rai2
,Itgb1
,Hspa4
,Pdzd8
,Rap1a
,Blcap
,Fgd4
,Gnai1
,Cox20
,Cops2
,RGD1307947
,Fam117b
,Mxi1
,Ankrd13a
,Rreb1
,Klf5
,Prkcg
rno-miR-125a-5p,Taz
,Stard13
,Fam83h
,Ppp4r3a
,Pi4k2b
,Nup210
,Irf4
,Abhd6
,Nkapd1
,Acer2
,Sec14l2
,Osbpl9
,Tgoln2
,Slc25a35
,Ccnj
,Sertad3
,Pafah1b1
,Dus1l
,Chp2
,Vps4b
,Pctp
,Enpep
,Npl
,Tnfsf4
,Plb1
,Fut1
,Tspan12
,Mapre2
,Ubr7
,Necab3
,Lactb
,Bmf
,Arid3b
,Sstr3
,Lin28a
,Rbm20
,Rap1a
,Slc35a4
,Pcgf6
,Grsf1
,Prdm1
,Sema4d
,Wars
,Kcns3
,Casp2
,Sel1l
,Mip
,Bak1
,Mfsd9
,Mapk13
,Triap1
,Ncan
,Zfp518a
,Dram1
,Zfp523
,Eif1ad
,Tmem25
,Esrra
,Cyp24a1
,G4
,Ptpn1
,Galnt14
,Bap1
,Stat3
,Galnt5
,Tmem168
,Crem
,Cdc42bpg
,Sema4b
,Cacna1b
,Mknk2
,Dynlt3
,Zfp691
,Speg
,Blzf1
,Neu1
,Kcnk10
,Tmem120b
,Il16
,Nrm
,Flvcr2
,Tle3
,Tmprss13
,Them6
,Tmem135
,Dvl1
,Gjb4
,Slc6a17
,M6pr
,Gga2
,P2rx4
,LOC100294508
,Hapln1
,Grb10
,Chtf8
,Alg6
,Rfxank
,Rhoq
,Opalin
,Dram2
,Faap20
,Glrx2
,Clec4a1
,Slc1a5
,Olfml2a
,Asic1
,Esrrg
,Slitrk6
,Sbno1
,Smurf1
,Zfp281
,Gtpbp2
,Syvn1
,Suv39h1
,Itga8
,Glb1l2
,Tor2a
,Syk
,Memo1
,Retreg2
,Cntd1
,RGD1561149
,Map3k11
,Ajuba
,Ppme1
,Vtcn1
,Abcb11
,St6galnac6
,RGD1305347
,Phf20
,Vps37b
,Scube1
,Cln6
,Rabl6
,Plekha8
,Ccdc77
,Sema4c
,Mtf1
,Ier2
,Cdk19
,Acads
,Itga7
rno-miR-223-3p,Pou6f2
,Gpr155
,Siah1
,Hao2
,Alcam
,Acsl3
,Nfib
,Hsp90b1
,Acvr2a
,Cdk17
,Fbxo8
,Inpp4a
,Igf1r
,Ddit4
,Phf20l1
,Gmcl1
,Anks1b
,Diaph3
,Cbfb
,Ube2a
,Cks1b
,Usp40
,Serinc4
,Mthfs
,Arvcf
,Cnep1r1
,Man1a2
,Cacybp
,Ttc14
,Slc4a4
,Cxcl10
,Nhlh2
,Gpr22
,Col13a1
,Pds5b
,Eva1a
,Pcsk1
,Smurf2
,Lpxn
,Relch
,Kctd4
,Slc7a6
,S1pr1
,LOC292543
,Rnf14
,Tmem170a
,Marc1
,F3
,Ahctf1
,Hook1
,Rps6kb1
,Nfat5
,Nmrk1
,Desi2
,Mospd1
,Tent5d
,Elk4
,Klhl14
,Zfp68
,Hpgd
,Stim1
,Slc46a2
,Pkn2
,Mpz
,Chrna5
,Phka1
,Uspl1
,S100pbp
,Ndufab1
,Ptprcap
,Hmgcs1
,Slc39a1
,Capn6
rno-miR-150-5p,Gtpbp3
,Calcr
,Sp1
,Mgme1
,Cbll1
,Slc25a24
,Zadh2
,Ift20
,Abhd10
,Pom121
,Tfip11
,Sv2b
,Ccdc112
,Lrguk
,Spink13
,Dph6
,C2cd2l
,Tp53inp2
,Ptx3
,Them4
,Pde7a
,Gripap1
,Etf1
,Stt3a
,Myh1
,Fam81a
,Rap1gap2
,Lhx2
,RGD1308147
,Bsn
,Angel2
,Inpp5a
,Nectin2
,Cyb561
,Irs2
,Nr1d2
,Vcsa2
,Ggnbp2
,Fam53a
,Elk1
,Gdi1
,Mbd6
,Mrpl40
,Rnf34
,Rad23b
,Ndc1
,RGD1309106
,Tnrc6a
,Armc12
,Spock1
,Cep76
,Bcat1
,Fjx1
,Abcb9
,Cd2bp2
,Cd276
,Smim3
rno-miR-23b-3p,Sesn3
,Adgrg2
,Cdh17
,Sft2d1
,Vcan
,Mab21l2
,Nek6
,Dnajc6
,Pde7a
,Csnk1g3
,Ppp4r4
,Etnk1
,Entpd5
,Gxylt1
,Spsb4
,Tnfaip6
,Bora
,Map4k4
,Igsf8
,Rras2
,Cdk17
,Ccnt2
,Tmpo
,Sema6d
,Lpar1
,Pcdh19
,Cxcl12
,Tmem38b
,Abhd18
,Cav2
,Rap1a
,Blcap
,Ccdc47
,Elf2
,Ubxn8
,Elf5
,Robo2
,Cldn12
,Zfhx4
,Auh
,Hnf4g
,Zwint
,Btnl7
,Pla2r1
,Chuk
,Clec1a
,Stat5b
,Klf3
,Agap1
,Tgfbr3
,Wbp4
,Car2
,Tent5a
,Fosb
,Pkia
,Chek1
,Rad17
,Uqcrfs1
,Lamp1
,Sowahc
,Tfpi2
,Zc3h13
,Pdia6
,Has2
,Thap12
,Uba6
,Azin1
,Tmem168
,Prpf4b
,Esrp1
,Ebf3
,Aldh1a2
,Il6r
,Tnpo1
,Ppm1d
,Ppif
,Mdfic
,Mrc1
,Asah2
,Magohb
,Serinc5
,Tmed5
,Myh2
,Ctsql2
,Dusp5
,Ccl28
,Nol4
,Zfp655
,Smurf2
,Sms
,Nacc2
,Slc7a1
,Zfp292
,Angel2
,Tox
,Fam234b
,Dcun1d4
,Ssr1
,Fmr1
,Zfp652
,Rrh
,Ccm2
,Tox3
,Ankhd1
,Exoc3l4
,Cpsf4
,Apopt1
,Ppp2r5e
,Agmo
,Camta1
,Ppp1r3b
,Six4
,Ube2d1
,Akap12
,Slc18a2
,Ipmk
,Swt1
,Pnrc1
,Mdfi
,Nus1
,Rbpms2
,Marcksl1
,Ascc3
,Ptp4a2
,N4bp1
,Cab39
,Sntg2
,Cdc40
,Pik3c2a
,Etaa1
,Smim15
,Ndfip2
,Wdr37
,Nfe2l2
,Plau
,Capn6
,Stk35
,Abhd6
,MGC114246
,Cggbp1
,Hoxd10
,Gja1
,Ep400
,Gpsm1
,Tgif1
,Senp7
,Hltf
,Ripk2
,Meis2
,Rasef
,Senp6
,Sbno1
,Cep95
,Chst10
,Nuak2
,Inpp1
,Sec14l1
,Usp45
,Ppp1r13b
,Pax9
,Gpr22
,Usp5
,Adgrl2
,Snrpc
,Gnpnat1
,Akap11
,Melk
,Dock7
,Pkdcc
,Cript
,Terb2
,Ambra1
,Ralb
,Lhfpl2
,Nsun6
,Ccp110
,Hmgb2
,Isca2
,E2f6
,B4galt4
,Txnrd1
,Lypla1
,Ppp4r2
,Dip2c
,Socs6
,Dhx15
,Sumf1
,Prtg
,Eif3a
,Ttc7b
,Tril
,Uhrf1bp1l
,Zeb1
,Actr3
,Ncoa6
,B3galt2
,Atp1b3
,Rnf146
,Bnip3l
,Casp7
,Pdxp
,Vwa3a
,Zfp458
,Gpx5
,Pex11a
,Insyn2
,Vstm5
,Myct1
,Wnk1
,Cul3
,Stk4
,MGC95208
,Radx
,Trim63
rno-let-7d-5p,Vstm5
,Adrb3
,Gatm
,Zfp512b
,Cdc34
,Adamts15
,Fbxl12
,Pbx1
,Acvr1c
,Zfyve26
,Slc2a12
,Igf2bp2
,Ddx19b
,LOC497899
,Ptafr
,Has2
,Faslg
,Lin28a
,Masp1
,Adrb2
,Tmprss2
,Rab11fip4
,Col4a1
,Nme4
,Pla2g3
,Edn1
,Nme6
,Pbx3
,Hic2
,Tspan5
,Arhgap12
,Adamts12
,Gng5
,Snn
,Zfp583
,Lrig2
,Pxdn
,Tyk2
,Acer1
,Pald1
,Mapk6
,Gxylt1
,Tmem65
,Ehhadh
,Rpusd3
,Coil
,Ahctf1
,Pgrmc1
,Limd2
,Prpf38b
,Ccdc134
,Slc20a1
,Rasgrp1
,Zfp275
,Ddi2
,Fam135a
,Plekho1
,Ddx19a
,Fign
,Dcaf15
,Stk40
,B3gnt7
,Ndst2
,Ercc6
,Ppargc1b
,Wnt9a
,RGD1308117
,Rdx
,Itgal
,Xkr8
,Ago3
,Brd3
,Cldn12
,Cercam
,Gpr132
,Smarcad1
,RGD1304694
,Lipt2
,Cbx2
,Map4k3
,Kif2b
,Plekha8
,Thoc2
,Fzd4
,Dtx2
,Nphp3
,Slc6a1
,Abcb9
,Efhd2
,B3galt1
,B3galt4
,Cnot6l
,Apbb3
,Il6
,Tgfbr1
,Tbkbp1
,Snx16
,Prtg
,Smim3
,Slc35d2
,Zfp282
,Hectd2
,Mdfi
,Kctd17
,Rcn1
,Nipal4
,Grid2ip
,Aen
,Rfx6
,Taf9b
,Begain
,Mycn
,Prl3b1
,Clasp2
,Zmat4
,Plpp6
,Fnip1
,Hip1
rno-miR-741-3p,Map2k6
,Tcf7l2
,Sec24c
,Tob1
,Marcks
,Styxl1
,Slc15a2
,Pip
,Pxk
,LOC100911576
,Hnrnpc
,Rock2
,Qrich1
,Abcd2
,Tram1
,Fam168a
,Tspan4
,Calml3
,Papolg
,Ric8b
,Tyrp1
,Cdk2ap1
,Zpr1
,Mef2a
,Rab14
,Sall1
,Mapk8
,Trim41
,Gpr137c
,Hnrnpab
rno-miR-509-5p,Acer1
,Golph3
,Pip4k2b
,LOC100911664
,Igsf3
,Rad23a
,Lrif1
,Synj1
,Grb2
,Wdr37
,Rab11a
,Angpt2
,Tmem202
,Abraxas1
,Sacm1l
,RGD1564937
,Dyrk3
,Slc25a42
,Abcb1a
,Fzd4
,Zbtb7c
,Tlnrd1
,Lpin2
,Nlk
,Wfdc3
,Zbtb33
,Osr1
,Ngrn
,Fam168a
,Slc2a10
,Opn3
,Sema5a
,Eya3
,Zbtb39
rno-miR-30d-5p,Tnrc6a
,Pip4k2a
,Celsr3
,Twf1
,Pde7a
,Spast
,Eed
,Rarg
,Cpsf6
,Stim2
,Klhl20
,Cyp24a1
,RGD1359108
,Ddah1
,Runx2
,Gabrb1
,Polr3g
,Rfx6
,Rgs8
,Ptgfrn
,Stox2
,Galnt3
,Polr3e
,Sox9
,Afap1l2
,Ptpn13
,Gli2
,Capn7
,Lhx8
,Ppp1r18
,Mier3
,Ythdf3
,Stk39
,Rimbp2
,Yaf2
,Ano4
,Scn3a
,Mfsd6
,Scn2a
,Sgcb
,Plch1
,Ccnjl
,Tmem181
,Ankrd17
,Klf10
,Snapin
,Elavl2
,Slc12a6
,Ankhd1
,Foxg1
,Ppp3r1
,Rasd1
,Gatm
,Eml4
,Ccnt2
,Extl2
,Prdm1
,Ccne2
,Pcdh17
,Cep41
,Desi2
,Bnip3l
,Trpm7
,Srsf7
,Mcf2l
,Azin1
,Sema6b
,Calu
,Ppid
,Chd1
,Mbnl3
,Rfx7
,Actr1a
,Scn1a
,Rundc3b
,Katnbl1
,Gabra5
,R3hdm1
,Pnkd
,Pfn2
,Cyb561
,Capn5
,Col13a1
,Skp2
,Glcci1
,Adam19
,Samd4a
,Socs1
,Stk10
,Snx33
,Slc15a2
,Gldc
,Brd1
,Erlin1
,Xkr4
,Abcd2
,Pik3cd
,Slc7a10
,Exoc6
,Dnmt3a
,Nfat5
,Pgm1
,Plppr4
,Setd5
,Spen
,Ascc3
,Rrad
,Tbc1d10b
,Grm3
,Tnrc6b
,Cth
,Fam117b
,Ap3s1
,Mitd1
,Btnl5
,Gnai2
,Fst
,Mttp
,Rab32
,Il21r
,Adra2a
,Btnl7
,Pawr
,Actc1
,Slc35f1
,Rhebl1
,Snx16
,Scara5
,Pptc7
,Bnc1
,Nsg1
,Mtx1
,Osbpl8
,Dll4
,Abl1
,Rapgef2
,Unc5c
,Six4
,Tenm3
,Chka
,Dsc2
,Rab4b
,Arid4a
,Asah1
,Myo9b
,Oxr1
,Ccnk
,Smad1
,Arf4
,Aida
,Cdc37l1
,Hells
,Terb2
,Irs1
,Nap1l5
,Capza1
,Rab38
,Phtf2
,Ube2i
,Rad23b
,Nus1
,Prl7a4
,Idh1
,Me1
,Epb41l3
,Camk2d
,Per2
,Lrrc17
,Maml1
,Foxb1
,Tasp1
,Scn9a
,Ube2j1
,Cblb
,Kxd1
,Arid1a
,Fam49a
,Cables1
,Zbtb39
,Asb3
,Syngr3
,Zfp608
,Lipi
,Gnpda2
,Ptp4a1
,Irf4
,Rai14
,Zup1
,Becn1
,Cbfb
,Nedd4
,Atp6v0d1
,Snai1
,Gtf2h4
,March6
,Slc35c1
,Mtdh
,B4galt6
,Fam45a
,Nfatc3
,B3gnt5
,Siah2
,Haus4
,Atp6v1c1
,Irx4
,Calcr
,Tbl1xr1
,Wipf1
,Sept8
,Lin28a
,Omg
,Apaf1
,Necap1
,Dpy19l1
,Snx18
,RGD1308428
,Fam214a
,Lefty1
,Mex3b
,Lrrc40
,Nt5e
,Atp2a2
,Fam43a
,Fam110b
,Vkorc1l1
,Lrrc61
,Gria2
,Man1a2
,Elmod2
,Cul2
,Ppp1r12a
,Zcchc24
,Pdcd10
,Ndel1
,Exo5
,Dolpp1
,Plpp6
,Gabarapl2
,Mmd
,Atp2b2
,Fkbp3
,Ppp3cb
,Meox2
,Kdm3a
,Tmeff1
,Lrfn2
,Usp45
,Rab33b
,Rps6ka2
,Rab15
,Scn8a
,Impact
,Zfp280b
,RGD1564937
,Reep3
,Coq3
,Kiaa0408L
,Meig1
,Arl13b
,Dock7
,Foxd1
,Kcnj6
,Fam210b
,Nhlh2
,Prickle1
,Nefl
,Ddx19b
,Bmp5
,Gucy2c
,Tdg
,Vip
,Pcgf5
,Gnai1
,Ebf2
,Tmem200a
,RGD1560455
,Ppfia2
,Ednra
,Cars
,Nkx2-2
,Josd1
,Gja1
,Aff4
,Fign
,Gfpt2
,H2afy
,Mboat1
,Lrrc28
,Tfdp1
,Sos1
,Fam83f
,Tmed2
,Stag2
,Slc35d3
,Ntng1
,Wdr82
,Sec61a2
,Lrrc8d
,Adamts9
,Chst1
,Ddit4
,P4ha2
,Nav3
,Mab21l1
,Tmem175
,Etaa1
,Rbm25
,Neurod1
,Zdhhc21
,Fbxo42
,Kctd8
,Usp47
,Nedd4l
,Cnot9
,Ypel5
,Snx10
,Galnt2
,Ccdc43
,Myh11
,Arhgef3
,Ksr1
,Abcg5
,Crhbp
,Ppp4r4
,Pank3
,Cmahp
,Slc38a2
,Cyp2a2
,Itfg1
,Dpy19l4
,Smc5
,Lpar3
,Ubn1
,Slc6a9
,Nr3c1
,Fam129c
,Gpm6b
,Zfp709l1
,Sptssb
,Itga6
,Cwf19l2
,Bcl2l11
,Mical1
,Gskip
,Gas2
,Ppp3ca
,C1qtnf3
rno-miR-195-5p,Otx1
,Rai2
,Luzp1
,N4bp1
,Spta1
,Tnrc6b
,Pth
,Pafah1b1
,Ncs1
,Ahcyl2
,Rnf217
,Phf19
,Bicd1
,Cdk17
,Crebrf
,Nup210
,Zfyve1
,Entpd7
,Tgfbr3
,Tmem178b
,Ccdc32
,Srpra
,Mgat4a
,Ube4b
,Reck
,Smad7
,Wnt7a
,Megf8
,Sepsecs
,Pip4p2
,Vegfa
,Erlin2
,Reep1
,Cacul1
,Zfp622
,Zbtb39
,Nectin1
,Arl2
,Tlk1
,Ash1l
,Prr16
,Lrrc32
,Ythdc1
,Nuak2
,LOC100125367
,Dclk1
,Chac1
,Polr3f
,Borcs6
,Pced1a
,Pwwp2b
,Map2k1
,Wee1
,Tfap2a
,Higd1a
,Kif23
,Slc12a2
,Wipi2
,Tbp
,Slc22a20
,Colq
,Cdca4
,Sptbn2
,Ccne1
,RGD1309104
,Zc2hc1a
,Aff4
,Cfap45
,Spsb4
,Rab10
,Zfhx4
,Wnt3a
,Mob4
,Slit2
,Uqcrq
,Islr
,Tbpl1
,Peli3
,Sec61a1
,Rnf144b
,Clcn3
,Nfatc3
,Socs6
,Usp42
,Tll1
,Capza2
,Tbl1xr1
,Sall1
,Mesp2
,Zbtb46
,Fasn
,Rapgef2
,Sema6d
,Atp11a
,Cdc37l1
,Helz
,Med26
,Lurap1l
,Dync1li2
,Ipo7
,Kif5c
,Omg
,Syde2
,Hspa4l
,Apln
,Nup50
,Zfp105
,Ywhah
,Abtb2
,Ddx3x
,Dixdc1
,Xpo7
,S100pbp
,Pip4p1
,Cdc25a
,Ppp1r11
,Arhgap12
,Stradb
,Cdk8
,Spag7
,Kbtbd2
,Capn6
,Rbm6
,Ret
,Cmpk1
,Dcaf7
,Dsel
,Fermt2
,Adamts12
,Dll1
,Mex3c
,Lats1
,Stxbp3
,Traf3
,Zfp367
,Mmachc
,Wsb1
,Atp1b4
,Sec14l4
,Clock
,Rab9b
,Myt1l
,Mink1
,Cnot6l
,Glud1
,Wap
,Zfp362
,Arhgdia
,Btrc
,RGD1311739
,Map1lc3b
,Adcy5
,Rreb1
,Rps19bp1
,Rere
,Tp53inp2
,Scoc
,Cbfa2t3
,Ago1
,Nrbp1
,Fry
,Bmpr1a
,Axin2
,Adgrl2
,Mylk
,Kcnq5
,Synj1
,Pam
,Wbp11
,Cyp26b1
,Cpsf7
,Ccnt2
,Armh4
,Abhd13
,Kif1c
,Ist1
,Arih1
,Lrig2
,Plcxd2
,Sstr3
,Man2a2
,Ccdc28a
,Iars
,Rfx5
,Fam122a
,Trmt1
,Smurf2
rno-miR-125b-5p,Taz
,Stard13
,Fam83h
,Ppp4r3a
,Pi4k2b
,Nup210
,Irf4
,Abhd6
,Nkapd1
,Acer2
,Sec14l2
,Osbpl9
,Tgoln2
,Slc25a35
,Ccnj
,Sertad3
,Pafah1b1
,Dus1l
,Chp2
,Vps4b
,Pctp
,Enpep
,Npl
,Arid3b
,Tnfsf4
,Plb1
,Fut1
,Tspan12
,Mapre2
,Ubr7
,Necab3
,Lactb
,Bmf
,Sstr3
,Lin28a
,Rbm20
,Rap1a
,Slc35a4
,Pcgf6
,Grsf1
,Prdm1
,Sema4d
,Wars
,Kcns3
,Casp2
,Sel1l
,Mip
,Bak1
,Mfsd9
,Mapk13
,Triap1
,Ncan
,Zfp518a
,Dram1
,Zfp523
,Eif1ad
,Tmem25
,Esrra
,Cyp24a1
,G4
,Ptpn1
,Galnt14
,Bap1
,Stat3
,Galnt5
,Tmem168
,Crem
,Cdc42bpg
,Sema4b
,Cacna1b
,Mknk2
,Dynlt3
,Speg
,Blzf1
,Neu1
,Kcnk10
,Tmem120b
,Il16
,Nrm
,Flvcr2
,Tle3
,Tmprss13
,Them6
,Tmem135
,Dvl1
,Gjb4
,Slc6a17
,M6pr
,Gga2
,P2rx4
,LOC100294508
,Hapln1
,Zfp691
,Chtf8
,Alg6
,Rfxank
,Rhoq
,Opalin
,Dram2
,Faap20
,Glrx2
,Clec4a1
,Slc1a5
,Olfml2a
,Asic1
,Esrrg
,Slitrk6
,Sbno1
,Grb10
,Smurf1
,Zfp281
,Gtpbp2
,Syvn1
,Suv39h1
,Glb1l2
,Tor2a
,Syk
,Memo1
,Retreg2
,Zfyve1
,Cntd1
,RGD1561149
,Map3k11
,Ajuba
,Ppme1
,Vtcn1
,Abcb11
,St6galnac6
,RGD1305347
,Phf20
,Vps37b
,Scube1
,Cln6
,Rabl6
,Plekha8
,Ccdc77
,Sema4c
,Mtf1
,Ier2
,Itga8
,Cdk19
,Acads
,Itga7
rno-miR-449a-5p,Ppp1r11
,Ttc19
,Vamp2
,Slc35g2
,Agtrap
,Rras
,Arhgap1
,Fam76a
,Fgd6
,Ap1s2
,Kitlg
,Daam1
,Pacs1
,Nav3
,Tbl1xr1
,Gpr165
,Tmem79
,Grem2
,Akap6
,Letm2
,Notch1
,Zic5
,Htr2c
,Gmfb
,Fam167a
,Capn5
,Strn3
,Pdgfra
,Ubl4a
,Ccne2
,Camta1
,Cntn2
,Ubp1
,Kidins220
,Olig3
,Ppfia1
,Dgkz
,Zmym4
,Shkbp1
,Asic2
,Zfp281
,Rtn4rl1
,Crkl
,Fbxo30
,Map2k1
,Fam107a
,Calcr
,Nectin1
,Tbc1d2b
,Slc6a1
,Usf1
,Bdkrb2
,Ing5
,Ucn2
,Eml5
,Astn1
,Fam83h
,Slc44a2
,Ppp2r3a
,Bmp3
,Dcx
,Ptpn4
,Dpp3
,RGD1308117
,Zfp644
,Nrip3
,Xpo5
,Tmeff2
,Ahcyl2
,Vat1
,Kcna6
,Snx15
,Pnoc
,Scd
,Taf5
,F13b
,Eps15
,Mex3c
,Bnc2
,Bcl6
,Ythdc1
,Adgrg2
,Dpysl4
,Mycn
,Lhx2
,Mta2
,Baalc
,Il6r
,Slc25a54
,Rap1gds1
,Ctnnd2
,Rgs9
,Acsl4
,Vdr
,Sft2d2
,Mgat4a
,Prtg
,Sar1a
,LOC688765
,Zdhhc16
,Frk
,Smim15
,Edn2
,Elmod1
,Rhoj
,Zbtb20
,Ppm1l
,Plod1
,Notch2
,Shoc2
,Zdhhc17
,Pea15
,Il4r
,Slc25a27
,Stx17
,Creb3l2
,Svop
,Pdgfrb
,Synj1
,Gmppb
,Marveld2
,Nrn1
,Grm7
,Rabgap1
,Gpr22
,Stag3
,Srpra
,Dixdc1
,Scamp4
,Prp2
,Gpr158
rno-miR-145-5p,Fscn1
,Ebf3
,Abhd17c
,Trim2
,Ap1g1
,Kcna4
,Add3
,Dlgap1
,Lox
,Zfyve9
,Mdfic
,Nox1
,Ctnnd1
,Bach2
,Slc7a8
,Elk4
,Rreb1
,Srgap3
,Insig1
,Rev3l
,Tspan6
,Abhd17b
,Rin2
,Cbfb
,Gpbp1
,Mfsd2a
,Ythdf2
,Tmem9b
,H2afx
,Tmem178a
,Larp4b
,Dusp6
,Slc39a2
,Fam135a
,Pum3
,Adpgk
,Prkx
,Dlc1
,C2cd5
,Spop
,Ppp4r2
,Smad3
,Actg1
,Zfhx4
,Adcyap1
,Rapgef2
,Eri1
,Dock9
,Cdo1
,RGD1304694
,Vhl
,Nr4a2
,Angpt2
,Rtkn
,Mppe1
,Ctnnbip1
,Myrf
,Arhgap21
,Pcbp4
,Rbak
,Grb10
,Sun1
,Arhgap12
,Chchd3
,Spsb4
,Gabarapl2
,Snx27
,Ythdc1
,Rspo1
,Vasn
,Myl12a
,Acsl4
,Tnfrsf11b
,Nedd9
,Itpr2
,Ino80
,H1f0
,Upb1
,Abracl
,Sox9
,Gcs1
,Klf5
,Net1
,Abr
,Erlin1
,Elmo1
,Tagln2
,Cntn4
,Ptpn12
,Flnb
,Mpzl2
,Slc1a3
,Snx15
,Csn2
,Snx8
,Tnpo1
,Pmp22
,Ttpa
,Extl1
,Zbtb6
,Plce1
,Rab30
,Mier3
,Prdm1
,Abca1
,Rims1
,Olr1
,Rrp7a
,Usp31
,Unc119b
,Camsap2
,Spats2
,Eya4
,Exoc2
